Customer ID;Customer Name
AA-10315;Alex Avila
AA-10375;Allen Armold
AA-10480;Andrew Allen
AA-10645;Anna Andreadi
AB-10015;Aaron Bergman
AB-10060;Adam Bellavance
AB-10105;Adrian Barton
AB-10150;Aimee Bixby
AB-10165;Alan Barnes
AB-10255;Alejandro Ballentine
AB-10600;Ann Blume
AC-10420;Alyssa Crouse
AC-10450;Amy Cox
AC-10615;Ann Chong
AC-10660;Anna Chung
AD-10180;Alan Dominguez
AF-10870;Art Ferguson
AF-10885;Art Foster
AG-10270;Alejandro Grove
AG-10300;Aleksandra Gannaway
AG-10330;Alex Grayson
AG-10390;Allen Goldenen
AG-10495;Andrew Gjertsen
AG-10525;Andy Gerbode
AG-10675;Anna Gayman
AG-10765;Anthony Garverick
AG-10900;Arthur Gainer
AH-10030;Aaron Hawkins
AH-10075;Adam Hart
AH-10120;Adrian Hane
AH-10195;Alan Haines
AH-10210;Alan Hwang
AH-10465;Amy Hunt
AH-10585;Angele Hood
AH-10690;Anna H?berlin
AI-10855;Arianne Irving
AJ-10780;Anthony Jacobs
AJ-10795;Anthony Johnson
AJ-10945;Ashley Jarboe
AJ-10960;Astrea Jones
AM-10360;Alice McCarthy
AM-10705;Anne McFarland
AO-10810;Anthony O'Donnell
AP-10720;Anne Pryor
AP-10915;Arthur Prichep
AR-10345;Alex Russell
AR-10405;Allen Rosenblatt
AR-10510;Andrew Roberts
AR-10540;Andy Reiter
AR-10570;Anemone Ratner
AR-10825;Anthony Rawles
AS-10045;Aaron Smayling
AS-10090;Adam Shillingsburg
AS-10135;Adrian Shami
AS-10225;Alan Schoenberger
AS-10240;Alan Shonely
AS-10285;Alejandro Savely
AS-10630;Ann Steele
AT-10435;Alyssa Tate
AT-10735;Annie Thurman
AW-10840;Anthony Witt
AW-10930;Arthur Wiediger
AY-10555;Andy Yotov
AZ-10750;Annie Zypern
BB-10990;Barry Blumstein
BB-11545;Brenda Bowman
BC-11125;Becky Castell
BD-11320;Bill Donatelli
BD-11500;Bradley Drucker
BD-11560;Brendan Dodson
BD-11605;Brian Dahlen
BD-11620;Brian DeCherney
BD-11635;Brian Derr
BD-11725;Bruce Degenhardt
BD-11770;Bryan Davis
BE-11335;Bill Eplett
BE-11410;Bobby Elias
BE-11455;Brad Eason
BF-10975;Barbara Fisher
BF-11005;Barry Franz
BF-11020;Barry Franz?sisch
BF-11080;Bart Folk
BF-11170;Ben Ferrer
BF-11215;Benjamin Farhat
BF-11275;Beth Fritzler
BG-11035;Barry Gonzalez
BG-11695;Brooke Gillingham
BG-11740;Bruce Geld
BH-11710;Brosina Hoffman
BK-11260;Berenike Kampe
BM-11140;Becky Martin
BM-11575;Brendan Murry
BM-11650;Brian Moss
BM-11785;Bryan Mills
BN-11470;Brad Norvell
BN-11515;Bradley Nguyen
BO-11350;Bill Overfelt
BO-11425;Bobby Odegard
BP-11050;Barry Pond
BP-11095;Bart Pistole
BP-11155;Becky Pak
BP-11185;Ben Peterman
BP-11230;Benjamin Patterson
BP-11290;Beth Paige
BS-11365;Bill Shonely
BS-11380;Bill Stewart
BS-11590;Brendan Sweed
BS-11665;Brian Stugart
BS-11755;Bruce Stewart
BS-11800;Bryan Spruell
BT-11305;Beth Thompson
BT-11395;Bill Tyler
BT-11440;Bobby Trafton
BT-11485;Brad Thomas
BT-11530;Bradley Talbott
BT-11680;Brian Thompson
BV-11245;Benjamin Venier
BW-11065;Barry Weirich
BW-11110;Bart Watters
BW-11200;Ben Wallace
CA-11965;Carol Adams
CA-12055;Cathy Armstrong
CA-12265;Christina Anderson
CA-12310;Christine Abelman
CA-12775;Cynthia Arntzen
CB-12025;Cassandra Brandow
CB-12415;Christy Brittain
CB-12535;Claudia Bergmann
CC-12100;Chad Cunningham
CC-12145;Charles Crestani
CC-12220;Chris Cortes
CC-12370;Christopher Conant
CC-12430;Chuck Clark
CC-12475;Cindy Chapman
CC-12550;Clay Cheatham
CC-12610;Corey Catlett
CC-12670;Craig Carreira
CC-12685;Craig Carroll
CD-11920;Carlos Daly
CD-11980;Carol Darley
CD-12280;Christina DeMoss
CD-12790;Cynthia Delaney
CG-12040;Catherine Glotzbach
CG-12520;Claire Gute
CH-12070;Cathy Hwang
CJ-11875;Carl Jackson
CJ-12010;Caroline Jumper
CK-12205;Chloris Kastensmidt
CK-12325;Christine Kargatis
CK-12595;Clytie Kelty
CK-12760;Cyma Kinney
CL-11890;Carl Ludwig
CL-12565;Clay Ludtke
CL-12700;Craig Leslie
CM-11815;Candace McMahon
CM-11935;Carlos Meador
CM-12115;Chad McGuire
CM-12160;Charles McCrossin
CM-12190;Charlotte Melton
CM-12235;Chris McAfee
CM-12385;Christopher Martinez
CM-12445;Chuck Magee
CM-12655;Corinna Mitchell
CM-12715;Craig Molinari
Co-12640;Corey-Lock
CP-12085;Cathy Prescott
CP-12340;Christine Phan
CR-12580;Clay Rozendal
CR-12625;Corey Roper
CR-12730;Craig Reiter
CR-12820;Cyra Reiten
CS-11845;Cari Sayre
CS-11860;Cari Schnelling
CS-11950;Carlos Soltero
CS-12130;Chad Sievert
CS-12175;Charles Sheldon
CS-12250;Chris Selesnick
CS-12355;Christine Sundaresam
CS-12400;Christopher Schild
CS-12460;Chuck Sachs
CS-12490;Cindy Schnelling
CS-12505;Cindy Stewart
CT-11995;Carol Triggs
CV-12295;Christina VanderZanden
CV-12805;Cynthia Voltz
CW-11905;Carl Weiss
CY-12745;Craig Yedwab
DA-13450;Dianna Arnett
DB-12910;Daniel Byrd
DB-12970;Darren Budd
DB-13060;Dave Brooks
DB-13120;David Bremer
DB-13210;Dean Braden
DB-13270;Deborah Brumfield
DB-13360;Dennis Bolton
DB-13405;Denny Blanton
DB-13555;Dorothy Badders
DB-13615;Doug Bickford
DB-13660;Duane Benoit
DC-12850;Dan Campbell
DC-13285;Debra Catini
DD-13570;Dorothy Dickinson
DE-13255;Deanra Eno
DF-13135;David Flashing
DG-13300;Deirdre Greer
DH-13075;Dave Hallsten
DH-13675;Duane Huffman
DJ-13420;Denny Joy
DJ-13510;Don Jones
DJ-13630;Doug Jacobs
DK-12835;Damala Kotsonis
DK-12895;Dana Kaydos
DK-12985;Darren Koutras
DK-13090;Dave Kipp
DK-13150;David Kendrick
DK-13225;Dean Katz
DK-13375;Dennis Kane
DL-12865;Dan Lawera
DL-12925;Daniel Lacy
DL-13315;Delfina Latchford
DL-13330;Denise Leinenbach
DL-13495;Dionis Lloyd
Dl-13600;Dorris liebe
DM-12955;Dario Medina
DM-13015;Darrin Martin
DM-13345;Denise Monton
DM-13525;Don Miller
DN-13690;Duane Noonan
DO-13435;Denny Ordway
DO-13645;Doug O'Connell
DP-13000;Darren Powers
DP-13105;Dave Poirier
DP-13165;David Philippe
Dp-13240;Dean percer
DP-13390;Dennis Pardue
DR-12880;Dan Reichenbach
DR-12940;Daniel Raglin
DS-13030;Darrin Sayre
DS-13180;David Smith
DV-13045;Darrin Van Huff
DV-13465;Dianna Vittorini
DW-13195;David Wiener
DW-13480;Dianna Wilson
DW-13540;Don Weiss
DW-13585;Dorothy Wardle
EA-14035;Erin Ashbrook
EB-13705;Ed Braxton
EB-13750;Edward Becker
EB-13840;Ellis Ballard
EB-13870;Emily Burns
EB-13930;Eric Barreto
EB-13975;Erica Bern
EB-14110;Eugene Barchas
EB-14170;Evan Bailliet
EC-14050;Erin Creighton
ED-13885;Emily Ducich
EG-13900;Emily Grady
EH-13765;Edward Hooks
EH-13945;Eric Hoffmann
EH-13990;Erica Hackney
EH-14005;Erica Hernandez
EH-14125;Eugene Hildebrand
EH-14185;Evan Henry
EJ-13720;Ed Jacobs
EJ-14155;Eva Jacobs
EK-13795;Eileen Kiefer
EL-13735;Ed Ludwig
EM-13810;Eleni McCrary
EM-13825;Elizabeth Moffitt
EM-13960;Eric Murdock
EM-14065;Erin Mull
EM-14095;Eudokia Martin
EM-14140;Eugene Moren
EM-14200;Evan Minnotte
EN-13780;Edward Nazzal
EP-13915;Emily Phan
ER-13855;Elpida Rittenbach
ES-14020;Erica Smith
ES-14080;Erin Smith
FA-14230;Frank Atkinson
FC-14245;Frank Carlisle
FC-14335;Fred Chung
FG-14260;Frank Gastineau
FH-14275;Frank Hawley
FH-14350;Fred Harton
FH-14365;Fred Hopkins
FM-14215;Filia McAdams
FM-14290;Frank Merwin
FM-14380;Fred McMath
FO-14305;Frank Olsen
FP-14320;Frank Preis
FW-14395;Fred Wasserman
GA-14515;George Ashbrook
GA-14725;Guy Armstrong
GB-14530;George Bell
GB-14575;Giulietta Baptist
GD-14590;Giulietta Dortch
GG-14650;Greg Guthrie
GH-14410;Gary Hansen
GH-14425;Gary Hwang
GH-14485;Gene Hale
GH-14665;Greg Hansen
GK-14620;Grace Kelly
GM-14440;Gary McGarr
GM-14455;Gary Mitchum
GM-14500;Gene McClure
GM-14680;Greg Matthias
GM-14695;Greg Maxwell
GP-14740;Guy Phonely
GR-14560;Georgia Rosenberg
GT-14635;Grant Thornton
GT-14710;Greg Tran
GT-14755;Guy Thornton
GW-14605;Giulietta Weimer
GZ-14470;Gary Zandusky
GZ-14545;George Zrebassa
HA-14905;Helen Abelman
HA-14920;Helen Andreada
HD-14785;Harold Dahlen
HE-14800;Harold Engle
HF-14995;Herbert Flentye
HG-14845;Harry Greene
HG-14965;Henry Goldwyn
HG-15025;Hunter Glantz
HH-15010;Hilary Holden
HJ-14875;Heather Jas
HK-14890;Heather Kirkland
HL-15040;Hunter Lopez
HM-14860;Harry Marie
HM-14980;Henry MacAllister
HP-14815;Harold Pawlan
HR-14770;Hallie Redmond
HR-14830;Harold Ryan
HW-14935;Helen Wasserman
HZ-14950;Henia Zydlo
IG-15085;Ivan Gibson
IL-15100;Ivan Liston
IM-15055;Ionia McGrath
IM-15070;Irene Maddox
JA-15970;Joseph Airdo
JB-15400;Jennifer Braxton
JB-15925;Joni Blumstein
JB-16000;Joy Bell-
JB-16045;Julia Barnett
JC-15340;Jasper Cacioppo
JC-15385;Jenna Caffey
JC-15775;John Castell
JC-16105;Julie Creighton
JD-15790;John Dryer
JD-15895;Jonathan Doherty
JD-16015;Joy Daniels
JD-16060;Julia Dunbar
JD-16150;Justin Deggeller
JE-15475;Jeremy Ellison
JE-15610;Jim Epp
JE-15715;Joe Elijah
JE-15745;Joel Eaton
JE-16165;Justin Ellison
JF-15190;Jamie Frazer
JF-15295;Jason Fortune-
JF-15355;Jay Fein
JF-15415;Jennifer Ferguson
JF-15490;Jeremy Farry
JF-15565;Jill Fjeld
JG-15115;Jack Garza
JG-15160;James Galang
JG-15310;Jason Gross
JG-15805;John Grady
JH-15430;Jennifer Halladay
JH-15820;John Huston
JH-15910;Jonathan Howell
JH-15985;Joseph Holt
JH-16180;Justin Hirsh
JJ-15445;Jennifer Jackson
JJ-15760;Joel Jenkins
JK-15205;Jamie Kunitz
JK-15325;Jason Klamczynski
JK-15370;Jay Kimmel
JK-15625;Jim Karlsson
JK-15640;Jim Kriz
JK-15730;Joe Kamberova
JK-16090;Juliana Krohn
JK-16120;Julie Kriz
JL-15130;Jack Lebron
JL-15175;James Lanier
JL-15235;Janet Lee
JL-15505;Jeremy Lonsdale
JL-15835;John Lee
JL-15850;John Lucas
JM-15250;Janet Martin
JM-15265;Janet Molinari
JM-15535;Jessica Myrick
JM-15580;Jill Matthias
JM-15655;Jim Mitchum
JM-15865;John Murray
JM-16195;Justin MacKendrick
JO-15145;Jack O'Briant
JO-15280;Jas O'Carroll
JO-15550;Jesus Ocampo
JP-15460;Jennifer Patt
JP-15520;Jeremy Pistek
JP-16135;Julie Prescott
JR-15670;Jim Radford
JR-15700;Jocasta Rupert
JR-16210;Justin Ritter
JS-15595;Jill Stevenson
JS-15685;Jim Sink
JS-15880;John Stevenson
JS-15940;Joni Sundaresam
JS-16030;Joy Smith
JW-15220;Jane Waco
JW-15955;Joni Wasserman
JW-16075;Julia West
KA-16525;Kelly Andreada
KB-16240;Karen Bern
KB-16315;Karl Braun
KB-16405;Katrina Bavinger
KB-16585;Ken Black
KB-16600;Ken Brennan
KC-16255;Karen Carlisle
KC-16540;Kelly Collister
KC-16675;Kimberly Carter
KD-16270;Karen Daniels
KD-16345;Katherine Ducich
KD-16495;Keith Dawkins
KD-16615;Ken Dana
KE-16420;Katrina Edelman
KF-16285;Karen Ferguson
KH-16330;Katharine Harms
KH-16360;Katherine Hughes
KH-16510;Keith Herrera
KH-16630;Ken Heidel
KH-16690;Kristen Hastings
KL-16555;Kelly Lampkin
KL-16645;Ken Lonsdale
KM-16225;Kalyca Meade
KM-16375;Katherine Murray
KM-16660;Khloe Miller
KM-16720;Kunst Miller
KN-16390;Katherine Nockton
KN-16450;Kean Nguyen
KN-16705;Kristina Nunn
KS-16300;Karen Seio
KT-16465;Kean Takahito
KT-16480;Kean Thornton
KW-16435;Katrina Willman
KW-16570;Kelly Williams
LA-16780;Laura Armstrong
LB-16735;Larry Blacks
LB-16795;Laurel Beltran
LC-16870;Lena Cacioppo
LC-16885;Lena Creighton
LC-16930;Linda Cazamias
LC-16960;Lindsay Castell
LC-17050;Liz Carlisle
LC-17140;Logan Currie
LD-16855;Lela Donovan
LD-17005;Lisa DeCherney
LE-16810;Laurel Elliston
LF-17185;Luke Foster
LH-16750;Larry Hughes
LH-16900;Lena Hernandez
LH-17020;Lisa Hazard
LH-17155;Logan Haushalter
LL-16840;Lauren Leatherbury
LM-17065;Liz MacKendrick
LO-17170;Lori Olson
LP-17080;Liz Pelletier
LP-17095;Liz Preis
LR-16915;Lena Radford
LR-17035;Lisa Ryan
LS-16945;Linda Southworth
LS-16975;Lindsay Shagiari
LS-17200;Luke Schmidt
LS-17230;Lycoris Saunders
LS-17245;Lynn Smith
LT-16765;Larry Tron
LT-17110;Liz Thompson
LW-16825;Laurel Workman
LW-16990;Lindsay Williams
LW-17125;Liz Willingham
LW-17215;Luke Weiss
MA-17560;Matt Abelman
MA-17995;Michelle Arnett
MB-17305;Maria Bertelson
MB-18085;Mick Brown
MC-17275;Marc Crier
MC-17425;Mark Cousins
MC-17575;Matt Collins
MC-17590;Matt Collister
MC-17605;Matt Connell
MC-17635;Matthew Clasen
MC-17845;Michael Chen
MC-18100;Mick Crebagga
MC-18130;Mike Caudle
MD-17350;Maribeth Dona
MD-17860;Michael Dominguez
ME-17320;Maria Etezadi
ME-17725;Max Engle
ME-18010;Michelle Ellison
MF-17665;Maureen Fritzler
MF-18250;Monica Federle
MG-17650;Matthew Grinstein
MG-17680;Maureen Gastineau
MG-17695;Maureen Gnade
MG-17875;Michael Grace
MG-17890;Michael Granlund
MG-18145;Mike Gockenbach
MG-18205;Mitch Gastineau
MH-17290;Marc Harrigan
MH-17440;Mark Haberlin
MH-17455;Mark Hamilton
MH-17620;Matt Hagelstein
MH-17785;Maya Herman
MH-18025;Michelle Huthwaite
MH-18115;Mick Hernandez
MJ-17740;Max Jones
MK-17905;Michael Kennedy
MK-18160;Mike Kennedy
ML-17395;Marina Lichtenstein
ML-17410;Maris LaWare
ML-17755;Max Ludwig
ML-18040;Michelle Lonsdale
ML-18265;Muhammed Lee
MM-17260;Magdelene Morse
MM-17920;Michael Moore
MM-18055;Michelle Moray
MM-18280;Muhammed MacIntyre
MN-17935;Michael Nguyen
MO-17500;Mary O'Rourke
MO-17800;Meg O'Connel
MO-17950;Michael Oakman
MP-17470;Mark Packer
MP-17965;Michael Paige
MP-18175;Mike Pelletier
MR-17545;Mathew Reese
MS-17365;Maribeth Schnelling
MS-17530;MaryBeth Skach
MS-17710;Maurice Satty
MS-17770;Maxwell Schwartz
MS-17830;Melanie Seite
MS-17980;Michael Stewart
MT-17815;Meg Tillman
MT-18070;Michelle Tran
MV-17485;Mark Van Huff
MV-18190;Mike Vittorini
MW-18220;Mitch Webber
MW-18235;Mitch Willingham
MY-17380;Maribeth Yedwab
MY-18295;Muhammed Yedwab
MZ-17335;Maria Zettner
MZ-17515;Mary Zewe
NB-18580;Nicole Brennan
NB-18655;Nona Balk
NC-18340;Nat Carroll
NC-18415;Nathan Cano
NC-18535;Nick Crebassa
NC-18625;Noah Childs
ND-18370;Natalie DeCherney
ND-18460;Neil Ducich
NF-18385;Natalie Fritzler
NF-18475;Neil Franz?sisch
NF-18595;Nicole Fjeld
NG-18355;Nat Gilpin
NG-18430;Nathan Gelder
NH-18610;Nicole Hansen
NK-18490;Neil Knudson
NL-18310;Nancy Lomonaco
NM-18445;Nathan Mautz
NM-18520;Neoma Murray
NP-18325;Naresj Patel
NP-18670;Nora Paige
NP-18685;Nora Pelletier
NP-18700;Nora Preis
NR-18550;Nick Radford
NS-18505;Neola Schneider
NS-18640;Noel Staavos
NW-18400;Natalie Webber
NZ-18565;Nick Zandusky
ON-18715;Odella Nelson
OT-18730;Olvera Toch
PA-19060;Pete Armstrong
PB-18805;Patrick Bzostek
PB-19105;Peter BÅhler
PB-19150;Philip Brown
PB-19210;Phillip Breyer
PC-18745;Pamela Coakley
PC-19000;Pauline Chand
PF-19120;Peter Fuller
PF-19165;Philip Fox
PF-19225;Phillip Flathmann
PG-18820;Patrick Gardner
PG-18895;Paul Gonzalez
PH-18790;Patricia Hirasaki
PJ-18835;Patrick Jones
PJ-19015;Pauline Johnson
PK-18910;Paul Knutson
PK-19075;Pete Kriz
PL-18925;Paul Lucas
PM-18940;Paul MacIntyre
PM-19135;Peter McVee
PN-18775;Parhena Norris
PO-18850;Patrick O'Brill
PO-18865;Patrick O'Donnell
PO-19180;Philisse Overcash
PO-19195;Phillina Ober
PP-18955;Paul Prost
PR-18880;Patrick Ryan
PS-18760;Pamela Stobb
PS-18970;Paul Stevenson
PS-19045;Penelope Sewall
PT-19090;Pete Takahito
PV-18985;Paul Van Hugh
PW-19030;Pauline Webber
PW-19240;Pierre Wener
QJ-19255;Quincy Jones
RA-19285;Ralph Arnett
RA-19885;Ruben Ausman
RA-19915;Russell Applegate
RA-19945;Ryan Akin
RB-19330;Randy Bradley
RB-19360;Raymond Buch
RB-19435;Richard Bierner
RB-19465;Rick Bensley
RB-19570;Rob Beeghly
RB-19645;Robert Barroso
RB-19705;Roger Barcio
RB-19795;Ross Baird
RC-19825;Roy Collins
RC-19960;Ryan Crowe
RD-19480;Rick Duston
RD-19585;Rob Dowd
RD-19660;Robert Dilbeck
RD-19720;Roger Demir
RD-19810;Ross DeVincentis
RD-19900;Ruben Dartt
RD-19930;Russell D'Ascenzo
RE-19405;Ricardo Emerson
RE-19450;Richard Eichhorn
RF-19345;Randy Ferguson
RF-19735;Roland Fjeld
RF-19840;Roy Franz?sisch
RH-19495;Rick Hansen
RH-19510;Rick Huthwaite
RH-19555;Ritsa Hightower
RH-19600;Rob Haberlin
RK-19300;Ralph Kennedy
RL-19615;Rob Lucas
RM-19375;Raymond Messe
RM-19675;Robert Marley
RM-19750;Roland Murray
RO-19780;Rose O'Brian
RP-19270;Rachel Payne
RP-19390;Resi P?lking
RP-19855;Roy Phan
RR-19315;Ralph Ritter
RR-19525;Rick Reed
RS-19420;Ricardo Sperren
RS-19765;Roland Schwarz
RS-19870;Roy Skaria
RW-19540;Rick Wilson
RW-19630;Rob Williams
RW-19690;Robert Waldorf
SA-20830;Sue Ann Reed
SB-20170;Sarah Bern
SB-20185;Sarah Brown
SB-20290;Sean Braxton
SC-20020;Sam Craven
SC-20050;Sample Company A
SC-20095;Sanjit Chand
SC-20230;Scot Coram
SC-20260;Scott Cohen
SC-20305;Sean Christensen
SC-20380;Shahid Collister
SC-20440;Shaun Chance
SC-20575;Sonia Cooley
SC-20680;Steve Carroll
SC-20695;Steve Chapman
SC-20725;Steven Cartwright
SC-20770;Stewart Carmichael
SC-20800;Stuart Calhoun
SC-20845;Sung Chung
SD-20485;Shirley Daniels
SE-20110;Sanjit Engle
SF-20065;Sandra Flanagan
SF-20200;Sarah Foster
SF-20965;Sylvia Foulston
SG-20080;Sandra Glassco
SG-20470;Sheri Gordon
SG-20605;Speros Goranitis
SG-20890;Susan Gilcrest
SH-19975;Sally Hughsby
SH-20395;Shahid Hopkins
SH-20635;Stefanie Holloman
SJ-20125;Sanjit Jacobs
SJ-20215;Sarah Jordon
SJ-20500;Shirley Jackson
SK-19990;Sally Knutson
SL-20155;Sara Luxemburg
SM-20005;Sally Matthias
SM-20320;Sean Miller
SM-20905;Susan MacKendrick
SM-20950;Suzanne McNair
SN-20560;Skye Norling
SN-20710;Steve Nguyen
SO-20335;Sean O'Donnell
SP-20545;Sibella Parks
SP-20620;Stefania Perrino
SP-20650;Stephanie Phelps
SP-20860;Sung Pak
SP-20920;Susan Pistek
SR-20425;Sharelle Roach
SR-20740;Steven Roelle
SS-20140;Saphhira Shifley
SS-20410;Shahid Shariari
SS-20515;Shirley Schmidt
SS-20590;Sonia Sunley
SS-20875;Sung Shariari
ST-20530;Shui Tom
SU-20665;Stephanie Ulpright
SV-20365;Seth Vernon
SV-20785;Stewart Visinsky
SV-20815;Stuart Van
SV-20935;Susan Vittorini
SW-20245;Scot Wooten
SW-20275;Scott Williamson
SW-20350;Sean Wendt
SW-20455;Shaun Weien
SW-20755;Steven Ward
SZ-20035;Sam Zeldin
TA-21385;Tom Ashbrook
TB-21055;Ted Butterfield
TB-21175;Thomas Boland
TB-21190;Thomas Brumley
TB-21250;Tim Brockman
TB-21280;Toby Braunhardt
TB-21355;Todd Boyes
TB-21400;Tom Boeckenhauer
TB-21520;Tracy Blumstein
TB-21595;Troy Blackwell
TB-21625;Trudy Brown
TC-20980;Tamara Chand
TC-21145;Theresa Coyne
TC-21295;Toby Carlisle
TC-21475;Tony Chapman
TC-21535;Tracy Collins
TD-20995;Tamara Dahlen
TG-21310;Toby Gnade
TG-21640;Trudy Glocke
TH-21100;Thea Hendricks
TH-21115;Thea Hudgings
TH-21235;Tiffany House
TH-21550;Tracy Hopkins
TM-21010;Tamara Manning
TM-21490;Tony Molinari
TN-21040;Tanja Norvell
TP-21130;Theone Pippenger
TP-21415;Tom Prescott
TP-21565;Tracy Poddar
TR-21325;Toby Ritter
TS-21085;Thais Sissman
TS-21160;Theresa Swint
TS-21205;Thomas Seio
TS-21340;Toby Swindell
TS-21370;Todd Sumrall
TS-21430;Tom Stivers
TS-21505;Tony Sayre
TS-21610;Troy Staebel
TS-21655;Trudy Schmidt
TT-21070;Ted Trevino
TT-21220;Thomas Thornton
TT-21265;Tim Taslimi
TT-21460;Tonja Turnell
TW-21025;Tamara Willingham
TZ-21580;Tracy Zic
VB-21745;Victoria Brennan
VD-21670;Valerie Dominguez
VF-21715;Vicky Freymann
VG-21790;Vivek Gonzalez
VG-21805;Vivek Grady
VM-21685;Valerie Mitchum
VM-21835;Vivian Mathis
VP-21730;Victor Preis
VP-21760;Victoria Pisteka
VS-21820;Vivek Sundaresam
VT-21700;Valerie Takahito
VW-21775;Victoria Wilson
WB-21850;William Brown
XP-21865;Xylona Preis
YC-21895;Yoseph Carroll
YS-21880;Yana Sorensen
ZC-21910;Zuschuss Carroll
ZD-21925;Zuschuss Donatelli
